"Id","Status","Timestamp"
"1","Processed","12/14/2025 2:28:40 PM"
"2","Processed","12/14/2025 2:28:40 PM"
"3","Processed","12/14/2025 2:28:40 PM"
"4","Processed","12/14/2025 2:28:40 PM"
"5","Processed","12/14/2025 2:28:40 PM"
"6","Processed","12/14/2025 2:28:40 PM"
"7","Processed","12/14/2025 2:28:40 PM"
"8","Processed","12/14/2025 2:28:40 PM"
"9","Processed","12/14/2025 2:28:40 PM"
"10","Processed","12/14/2025 2:28:41 PM"
"11","Processed","12/14/2025 2:28:41 PM"
"12","Processed","12/14/2025 2:28:41 PM"
"13","Processed","12/14/2025 2:28:41 PM"
"14","Processed","12/14/2025 2:28:41 PM"
"15","Processed","12/14/2025 2:28:41 PM"
"16","Processed","12/14/2025 2:28:41 PM"
"17","Processed","12/14/2025 2:28:41 PM"
"18","Processed","12/14/2025 2:28:41 PM"
"19","Processed","12/14/2025 2:28:42 PM"
"20","Processed","12/14/2025 2:28:42 PM"
"21","Processed","12/14/2025 2:28:42 PM"
"22","Processed","12/14/2025 2:28:42 PM"
"23","Processed","12/14/2025 2:28:42 PM"
"24","Processed","12/14/2025 2:28:42 PM"
"25","Processed","12/14/2025 2:28:42 PM"
"26","Processed","12/14/2025 2:28:42 PM"
"27","Processed","12/14/2025 2:28:42 PM"
"28","Processed","12/14/2025 2:28:43 PM"
"29","Processed","12/14/2025 2:28:43 PM"
"30","Processed","12/14/2025 2:28:43 PM"
"31","Processed","12/14/2025 2:28:43 PM"
"32","Processed","12/14/2025 2:28:43 PM"
"33","Processed","12/14/2025 2:28:43 PM"
"34","Processed","12/14/2025 2:28:43 PM"
"35","Processed","12/14/2025 2:28:43 PM"
"36","Processed","12/14/2025 2:28:43 PM"
"37","Processed","12/14/2025 2:28:44 PM"
"38","Processed","12/14/2025 2:28:44 PM"
"39","Processed","12/14/2025 2:28:44 PM"
"40","Processed","12/14/2025 2:28:44 PM"
"41","Processed","12/14/2025 2:28:44 PM"
"42","Processed","12/14/2025 2:28:44 PM"
"43","Processed","12/14/2025 2:28:44 PM"
"44","Processed","12/14/2025 2:28:44 PM"
"45","Processed","12/14/2025 2:28:44 PM"
"46","Processed","12/14/2025 2:28:45 PM"
"47","Processed","12/14/2025 2:28:45 PM"
"48","Processed","12/14/2025 2:28:45 PM"
"49","Processed","12/14/2025 2:28:45 PM"
"50","Processed","12/14/2025 2:28:45 PM"
"51","Processed","12/14/2025 2:28:45 PM"
"52","Processed","12/14/2025 2:28:45 PM"
"53","Processed","12/14/2025 2:28:45 PM"
"54","Processed","12/14/2025 2:28:45 PM"
"55","Processed","12/14/2025 2:28:46 PM"
"56","Processed","12/14/2025 2:28:46 PM"
"57","Processed","12/14/2025 2:28:46 PM"
"58","Processed","12/14/2025 2:28:46 PM"
"59","Processed","12/14/2025 2:28:46 PM"
"60","Processed","12/14/2025 2:28:46 PM"
"61","Processed","12/14/2025 2:28:46 PM"
"62","Processed","12/14/2025 2:28:46 PM"
"63","Processed","12/14/2025 2:28:46 PM"
"64","Processed","12/14/2025 2:28:47 PM"
"65","Processed","12/14/2025 2:28:47 PM"
"66","Processed","12/14/2025 2:28:47 PM"
"67","Processed","12/14/2025 2:28:47 PM"
"68","Processed","12/14/2025 2:28:47 PM"
"69","Processed","12/14/2025 2:28:47 PM"
"70","Processed","12/14/2025 2:28:47 PM"
"71","Processed","12/14/2025 2:28:47 PM"
"72","Processed","12/14/2025 2:28:47 PM"
"73","Processed","12/14/2025 2:28:48 PM"
"74","Processed","12/14/2025 2:28:48 PM"
"75","Processed","12/14/2025 2:28:48 PM"
"76","Processed","12/14/2025 2:28:48 PM"
"77","Processed","12/14/2025 2:28:48 PM"
"78","Processed","12/14/2025 2:28:48 PM"
"79","Processed","12/14/2025 2:28:48 PM"
"80","Processed","12/14/2025 2:28:48 PM"
"81","Processed","12/14/2025 2:28:48 PM"
"82","Processed","12/14/2025 2:28:49 PM"
"83","Processed","12/14/2025 2:28:49 PM"
"84","Processed","12/14/2025 2:28:49 PM"
"85","Processed","12/14/2025 2:28:49 PM"
"86","Processed","12/14/2025 2:28:49 PM"
"87","Processed","12/14/2025 2:28:49 PM"
"88","Processed","12/14/2025 2:28:49 PM"
"89","Processed","12/14/2025 2:28:49 PM"
"90","Processed","12/14/2025 2:28:49 PM"
"91","Processed","12/14/2025 2:28:50 PM"
"92","Processed","12/14/2025 2:28:50 PM"
"93","Processed","12/14/2025 2:28:50 PM"
"94","Processed","12/14/2025 2:28:50 PM"
"95","Processed","12/14/2025 2:28:50 PM"
"96","Processed","12/14/2025 2:28:50 PM"
"97","Processed","12/14/2025 2:28:50 PM"
"98","Processed","12/14/2025 2:28:50 PM"
"99","Processed","12/14/2025 2:28:50 PM"
"100","Processed","12/14/2025 2:28:50 PM"
